from,to,asset,usd,ethereum_fill_tx,log_index
arbitrum:0xe410a2e5710ee787bcaa63f52a3943ff71f0d946,0xe410a2e5710ee787bcaa63f52a3943ff71f0d946,WETH,268203,0x9bbdc0c9ae69879b2620387d6623f47f1397c48001a9f9581bfe47790a7fbb7a,1013
bsc:0x7c96279ec1e888aa56b9b836e0db26ca48573e1c,0x7c96279ec1e888aa56b9b836e0db26ca48573e1c,WETH,767265,0x9cf47d5d3d07992d7c47fcb8f1188addb4668f48814e40b6f6920f906a3afe2c,492
arbitrum:0xe410a2e5710ee787bcaa63f52a3943ff71f0d946,0xe410a2e5710ee787bcaa63f52a3943ff71f0d946,WETH,1341012,0x83154d8f5040d1876b2cddee33bd52ee4af7cbcb58bc07c91e3f2785711a478f,771
optimism:0x94a43df7687a8494948be937400e9d5d33135da0,0x94a43df7687a8494948be937400e9d5d33135da0,ETH,1329475,0xb66cbc8e405e2ac5730c210dd98353ebc3f9ae88cb1fcb4ae702431ef0503448,211
arbitrum:0xe410a2e5710ee787bcaa63f52a3943ff71f0d946,0xe410a2e5710ee787bcaa63f52a3943ff71f0d946,WETH,1341012,0x0ac56a69135b9bee411072dc23356c6ce98f23b6486619587d14cf3a820488ae,519
base:0x469ac1406de92f82c0563477240a3627057425dc,0x469ac1406de92f82c0563477240a3627057425dc,ETH,536480,0x4e0e6916a9f97c5a64ddd20805437902ef34792cd496253ad7ef97e58558e169,458
base:0x469ac1406de92f82c0563477240a3627057425dc,0x469ac1406de92f82c0563477240a3627057425dc,ETH,1207081,0x88e94f4eb830b73e8ff3820943df2f07cfc9b69add4f25694451f36555cabbe2,506
base:0x469ac1406de92f82c0563477240a3627057425dc,0x469ac1406de92f82c0563477240a3627057425dc,ETH,1207081,0x190a4d2e086597ed5385c5f7642850e8198ca1a4043f6208ee8a551b7ee12d20,371
optimism:0x94a43df7687a8494948be937400e9d5d33135da0,0x94a43df7687a8494948be937400e9d5d33135da0,ETH,1072969,0xa75cac5df4c509140928101226dc6ebde5f3a9fa01b9082c9d522f4cab7e2a89,108
optimism:0x94a43df7687a8494948be937400e9d5d33135da0,0x94a43df7687a8494948be937400e9d5d33135da0,ETH,402363,0xc5f7a53e3c38ae1bce3763d1b87a8e6f2332a704212e558807334bbf7d1a0dbb,389
base:0x469ac1406de92f82c0563477240a3627057425dc,0x469ac1406de92f82c0563477240a3627057425dc,ETH,1171459,0x86bdc7adf80330aa3512e9aedbf8601bfea5b3af92a31921f7a65922d9129cc7,781
optimism:0x94a43df7687a8494948be937400e9d5d33135da0,0x94a43df7687a8494948be937400e9d5d33135da0,ETH,804726,0x411fd1fe8059c4b70445ce0a85cfd17fd8ad7499990f3e434ff848eb7494e3dd,448
optimism:0x94a43df7687a8494948be937400e9d5d33135da0,0x94a43df7687a8494948be937400e9d5d33135da0,ETH,268242,0xe3b2a1835158a6431d55ede5fac98e77264ef9a8ab92246697d9fe67aec6b2ca,544
optimism:0x94a43df7687a8494948be937400e9d5d33135da0,0x94a43df7687a8494948be937400e9d5d33135da0,ETH,402363,0xb56b2220a43a2a08a2a9b0b082fff67221e035e9a832c880f0a38374a2dbd4b6,94
arbitrum:0x2bca667d37afe8d065ca46e3261e9442e77cbeae,0x2bca667d37afe8d065ca46e3261e9442e77cbeae,WETH,2694,0xfd0694c371695f63008fd61cc00acda61c3928d761a7c40e9cef5a6450d75f92,203
optimism:0x94a43df7687a8494948be937400e9d5d33135da0,0x94a43df7687a8494948be937400e9d5d33135da0,WETH,1341012,0x2279d8c1d1fbd51f6dd4aaaaebfc966590b17adb83234bb2f973ba4f69485bff,820
arbitrum:0xe410a2e5710ee787bcaa63f52a3943ff71f0d946,0xe410a2e5710ee787bcaa63f52a3943ff71f0d946,WETH,1341012,0xf45b54c96ac91a1c847ae86c767307ac9200d813d5f295857c5983af2216f561,823
bsc:0xe07bd590e1198666230932bad5db3dbbe21e7d57,0xe07bd590e1198666230932bad5db3dbbe21e7d57,WETH,77750,0x1cbf8520a3f7ba32cee040dffed37dc40a250d9b83dd190f938c47b9a841a5a5,659
bsc:0xe07bd590e1198666230932bad5db3dbbe21e7d57,0xe07bd590e1198666230932bad5db3dbbe21e7d57,WETH,388077,0x7a2b1a480078204023d797b24f1714072004fc5a4ec641e80dfa53ded479f9ff,718
bsc:0xe07bd590e1198666230932bad5db3dbbe21e7d57,0xe07bd590e1198666230932bad5db3dbbe21e7d57,WETH,542670,0x4e6bcc390346e82f5829a0c76930b578915ffa8c56ea506f2f7df328355fbf66,633
bsc:0xe07bd590e1198666230932bad5db3dbbe21e7d57,0xe07bd590e1198666230932bad5db3dbbe21e7d57,WETH,77651,0xcd775f232136e5369b45d7f6a6f7e269eb70953fcd5b638eb3c57b74e03ee556,532
bsc:0xe07bd590e1198666230932bad5db3dbbe21e7d57,0xe07bd590e1198666230932bad5db3dbbe21e7d57,USDT,99988,0x62fd7ec62dfef62ef84de6f6c1ce722f14d4f971f6005f1c9a4230d207909b76,956
bsc:0xe07bd590e1198666230932bad5db3dbbe21e7d57,0xe07bd590e1198666230932bad5db3dbbe21e7d57,USDT,99989,0x570f731d712e18edd74c12bd1bcf0e788d3a8e644f03b8fe81f5a4d18e6268e1,950
bsc:0xe07bd590e1198666230932bad5db3dbbe21e7d57,0xe07bd590e1198666230932bad5db3dbbe21e7d57,USDT,99989,0x8fd4e99b95dcd71a810066c3abbd550911d4be978174acb6f1f3254fafec8509,1201
bsc:0xe07bd590e1198666230932bad5db3dbbe21e7d57,0xe07bd590e1198666230932bad5db3dbbe21e7d57,USDT,44995,0xb8ac270100c5af4e83c1e48f3e92f4535dd8e01ca77fa4ed1b815f57f5c635f3,741
bsc:0xe07bd590e1198666230932bad5db3dbbe21e7d57,0xe07bd590e1198666230932bad5db3dbbe21e7d57,USDT,40873,0x75bdd7fae5e7d493ac54fb1977755ce5f18096f37fb3d601d5c536ab9da2199f,609
bsc:0xe07bd590e1198666230932bad5db3dbbe21e7d57,0xe07bd590e1198666230932bad5db3dbbe21e7d57,USDC,99989,0xd301dbe2340fa518293f1037aeedfe369688513e851980c88e2ad1d6c53bc4c3,378
bsc:0xe07bd590e1198666230932bad5db3dbbe21e7d57,0xe07bd590e1198666230932bad5db3dbbe21e7d57,USDC,99989,0xad1c5fe8348d6e2eb195f6326a6867ab7249984fa79eafbd8099167397919ff9,534
bsc:0xe07bd590e1198666230932bad5db3dbbe21e7d57,0xe07bd590e1198666230932bad5db3dbbe21e7d57,USDC,99989,0x628066e2ac39097d2334c132a0a1d54bef1df4e1eba01a943d49c18364cd476d,1097
bsc:0xe07bd590e1198666230932bad5db3dbbe21e7d57,0xe07bd590e1198666230932bad5db3dbbe21e7d57,USDC,99989,0x7b6eaf7b7744b61cfabf1e0ffbc77137bdf2d80c014e6d3f687da6be4871d7fc,795
bsc:0xe07bd590e1198666230932bad5db3dbbe21e7d57,0xe07bd590e1198666230932bad5db3dbbe21e7d57,USDC,49994,0xe4e8787ebb08ebc8103e45199adc851c98c6510aa052fc107499557afe87fe5e,779
bsc:0xe07bd590e1198666230932bad5db3dbbe21e7d57,0xe07bd590e1198666230932bad5db3dbbe21e7d57,USDC,9998,0x059e6eea260eeee33f530dbf8ac6e4aeea57aa55facc733d8b10f6654162e468,1581
bsc:0xe07bd590e1198666230932bad5db3dbbe21e7d57,0xe07bd590e1198666230932bad5db3dbbe21e7d57,USDC,10187,0xc6a71e17182b2492e31730e925d53f140743c322a93e169123a048a9a9338476,1519
bsc:0xe07bd590e1198666230932bad5db3dbbe21e7d57,0xe07bd590e1198666230932bad5db3dbbe21e7d57,USDC,49994,0x706cff5243e3d1f9c540339d39e26e52d7931408b2607cbaaf4c84dbf56d1c2a,1668
bsc:0xe07bd590e1198666230932bad5db3dbbe21e7d57,0xe07bd590e1198666230932bad5db3dbbe21e7d57,USDT,99012,0xf6b85daa184d293f776cf470e7fa19425b511b5a5f0cd2784ee971f6274159d2,1849
bsc:0xe07bd590e1198666230932bad5db3dbbe21e7d57,0xe07bd590e1198666230932bad5db3dbbe21e7d57,USDC,49994,0x95d31da22e48c4a1edd46d48c966628d3ec6558993a7bc234787822c7f0aa55d,720
bsc:0xe07bd590e1198666230932bad5db3dbbe21e7d57,0xe07bd590e1198666230932bad5db3dbbe21e7d57,USDC,49994,0xc0d819b2d81979086a07ec1255fda28703e5d6394026c62495d263de1dfec6e0,724
bsc:0xe07bd590e1198666230932bad5db3dbbe21e7d57,0xe07bd590e1198666230932bad5db3dbbe21e7d57,USDC,49994,0xc2fb9f571b9a414c94a9e96718d8f3edf96b6c52221318913beef550ec48b83d,716
bsc:0xe07bd590e1198666230932bad5db3dbbe21e7d57,0xe07bd590e1198666230932bad5db3dbbe21e7d57,USDT,19997,0xe7f5125983e4b3986bcec74902e9e5ffd8bff07955b98fe873872717e5fe7758,1705
bsc:0xe07bd590e1198666230932bad5db3dbbe21e7d57,0xe07bd590e1198666230932bad5db3dbbe21e7d57,USDT,3999,0x4dbe764643d25dd0bf56eaeeb1a21ee4049d9192c0f78869fddd6605fddaca25,301
bsc:0xe07bd590e1198666230932bad5db3dbbe21e7d57,0xe07bd590e1198666230932bad5db3dbbe21e7d57,USDT,3622,0x0bb428a70d329507f97e18ff7d1649d36344cd87dbebc6c5599ade592a49a813,1466
bsc:0xe07bd590e1198666230932bad5db3dbbe21e7d57,0xe07bd590e1198666230932bad5db3dbbe21e7d57,USDT,19997,0x39dd5255e94e04af635a397b9638c4bc957b5950a1f3a6f6c368b37c0f7bb9ed,943
bsc:0xe07bd590e1198666230932bad5db3dbbe21e7d57,0xe07bd590e1198666230932bad5db3dbbe21e7d57,USDT,19997,0xfb3a4402bf0d7e5f2209ea0743868f5a8e79dce94379cc0483d0e4669a022472,939
bsc:0xe07bd590e1198666230932bad5db3dbbe21e7d57,0xe07bd590e1198666230932bad5db3dbbe21e7d57,WETH,77622,0xc87c44c0a1e6e0aabea81d382723790071a044db97c177f784b1f83443b7b4f4,607
bsc:0xe07bd590e1198666230932bad5db3dbbe21e7d57,0xe07bd590e1198666230932bad5db3dbbe21e7d57,WETH,77575,0x831abeaa615601834c437753a9263484abb9484147a968b289acfe45f4b445a8,931
bsc:0xe07bd590e1198666230932bad5db3dbbe21e7d57,0xe07bd590e1198666230932bad5db3dbbe21e7d57,WETH,77568,0xfb9dc22de6b56d8fb760bf33871dcf46083c8d58b684ab64f2c9c542afee137f,436
bsc:0xe07bd590e1198666230932bad5db3dbbe21e7d57,0xe07bd590e1198666230932bad5db3dbbe21e7d57,WETH,77572,0xc7b48738346f3ce47374264061fff1d2995799e4e4779a8fb847e3cf98ecac72,5441
bsc:0xe07bd590e1198666230932bad5db3dbbe21e7d57,0xe07bd590e1198666230932bad5db3dbbe21e7d57,WETH,77544,0x0686032f547332675dc3c74901bbe7d61200048acbdbd0905a870b8056fc8f13,781
bsc:0xe07bd590e1198666230932bad5db3dbbe21e7d57,0xe07bd590e1198666230932bad5db3dbbe21e7d57,WETH,77509,0x70d55c2d964a954e73193e6c46e8854eda2c999e326f8c49893115db24eefb23,1450
bsc:0xe07bd590e1198666230932bad5db3dbbe21e7d57,0xe07bd590e1198666230932bad5db3dbbe21e7d57,WETH,77514,0xe17f1852c876d2100d7a841ed54fdb562d22c48e656cd60fdc92a070d35b90df,1445
bsc:0xe07bd590e1198666230932bad5db3dbbe21e7d57,0xe07bd590e1198666230932bad5db3dbbe21e7d57,WETH,77501,0x525908832167c0932eccbb96502754825f03df0a992b886b164c678048278abd,2090
bsc:0xe07bd590e1198666230932bad5db3dbbe21e7d57,0xe07bd590e1198666230932bad5db3dbbe21e7d57,WETH,23255,0x517625f50a3686c7f9cfe5d505d7e9bae04dd79f4307a1d04a5e5c691f4bce02,784
bsc:0xe07bd590e1198666230932bad5db3dbbe21e7d57,0xe07bd590e1198666230932bad5db3dbbe21e7d57,WETH,3876,0x42a7d9d62c86b314d935b2c12e31df75c370c0ee4135a5f21fe1ac53caac5a2b,1331
bsc:0xe07bd590e1198666230932bad5db3dbbe21e7d57,0xe07bd590e1198666230932bad5db3dbbe21e7d57,WETH,77551,0x07d2f5bf9f8470b59d3cbf0c42988343ba40c6d7b1db7fe5224a47866079dcaf,714
bsc:0xe07bd590e1198666230932bad5db3dbbe21e7d57,0xe07bd590e1198666230932bad5db3dbbe21e7d57,WETH,23244,0x13bdbbd21d3db185d7453cff6e0be34867b6d71b1273d029662d394f0f89409f,755
bsc:0xe07bd590e1198666230932bad5db3dbbe21e7d57,0xe07bd590e1198666230932bad5db3dbbe21e7d57,WETH,77492,0x1bc2aec92d1b51b392a63c7daf153ee13b46d4bf90804af99fe78fb9ae642d43,729
bsc:0xe07bd590e1198666230932bad5db3dbbe21e7d57,0xe07bd590e1198666230932bad5db3dbbe21e7d57,WETH,77476,0x6249ba83b835ec8bd19632740507279187dc774a1869759c4023934430d6af21,739
bsc:0xe07bd590e1198666230932bad5db3dbbe21e7d57,0xe07bd590e1198666230932bad5db3dbbe21e7d57,WETH,23245,0x71ffbb7ac18ab59e746e1baefeb5da00a9b0d464562e275bce467fc91a6fced3,750
bsc:0xe07bd590e1198666230932bad5db3dbbe21e7d57,0xe07bd590e1198666230932bad5db3dbbe21e7d57,WETH,23247,0x864fcd993b02cfbdfbb97fc5127d197e3d438c6662ac7faa51aa1de6aca94150,745
bsc:0xe07bd590e1198666230932bad5db3dbbe21e7d57,0xe07bd590e1198666230932bad5db3dbbe21e7d57,WETH,77528,0xa066f2ce364ba5396c317621112c21a860b36db06ea8c9af245c55071c53ffd5,719
bsc:0xe07bd590e1198666230932bad5db3dbbe21e7d57,0xe07bd590e1198666230932bad5db3dbbe21e7d57,WETH,77521,0xd9a13d815502192e59dc4b964a0ce9b3aca5e90445f4b5dfed7921a895f99b23,724
bsc:0xe07bd590e1198666230932bad5db3dbbe21e7d57,0xe07bd590e1198666230932bad5db3dbbe21e7d57,USDT,19997,0x3b3052ac5597216af31dc68e9b826af2c76e38b4aebf5b004a2da38c123c3b4a,610
bsc:0xe07bd590e1198666230932bad5db3dbbe21e7d57,0xe07bd590e1198666230932bad5db3dbbe21e7d57,USDC,99989,0xad10a12f15aac1e5cae615d82c9fdd6ab05aa1d59e607995a32e8a5e1e116f96,673
bsc:0xe07bd590e1198666230932bad5db3dbbe21e7d57,0xe07bd590e1198666230932bad5db3dbbe21e7d57,USDT,99012,0x3c28e95350aa1e83b54d735199df0931892883bb18f1e86ab30df7ee2009decb,654
bsc:0xe07bd590e1198666230932bad5db3dbbe21e7d57,0xe07bd590e1198666230932bad5db3dbbe21e7d57,USDT,99012,0xaf63a4b802db76877abaca79d4dd24315ffbf16b9976f4bb1ae344155b49c590,996
