address,label,found_single_chain,found_cross_chain,hop_cross_chain,taint_pct_cross_chain
0xa6dd3f218b65e32ccc37be30f74884133c655545,Bitget Exploiter 3,True,True,2,39.9
0x7c96279ec1e888aa56b9b836e0db26ca48573e1c,Bitget Exploiter 2,True,True,1,80.0
0x469ac1406de92f82c0563477240a3627057425dc,Bitget Exploiter 21,False,True,1,99.7
0xe410a2e5710ee787bcaa63f52a3943ff71f0d946,Bitget Exploiter 6,False,True,1,12.4
0x600cfedc6bd65fa79b604dc44964f419e45784b2,Bitget Exploiter 4,True,True,1,67.7
0xd2c2f029eff5cacc686f24377cfddcfc82d9f899,Bitget Exploiter 5,True,True,1,100.0
0x94a43df7687a8494948be937400e9d5d33135da0,Bitget Exploiter 7,False,True,1,33.7
0xe07bd590e1198666230932bad5db3dbbe21e7d57,Bitget Exploiter 8,False,True,1,58.8
0xdc2901f741b4003e32b8b752e97b8c4c1891dc63,Bitget Exploiter 9,True,True,1,100.0
0x9fa39d62095302431d7d4167a7e80f8ec6ea4fa0,Bitget Exploiter 10,True,True,3,58.6
0xa6bfd7fcaf4711da1f61d5e91d03a2c7c72db272,Bitget Exploiter 11,True,True,3,58.6
0xfd5ebe912e2061992437767e24e5bcb52a3f9e54,Bitget Exploiter 12,True,True,3,52.7
0xed5a394a7558929112848b7e97b569de6bbe1a51,Bitget Exploiter 13,False,False,4,0.2
0x52f08feb1b0da609a5442514e2bb43c99d25d284,Bitget Exploiter 14,False,False,,
