chain,address_reached,hop,status
arbitrum,0x202e8cfcfeae53b5050935a5e926ebb9679d28cd,2,ok
arbitrum,0x2bca667d37afe8d065ca46e3261e9442e77cbeae,2,ok
arbitrum,0x770b10b273fc44fe9197d6bf20f145c2e98463ee,0,ok
arbitrum,0xe410a2e5710ee787bcaa63f52a3943ff71f0d946,1,ok
avalanche,,,"avalanche eth_getTransactionCount: {'code': -32000, 'message': 'missing trie node 94924ea780423df25b66b7f0ebd5358e1a4286"
base,0x469ac1406de92f82c0563477240a3627057425dc,1,ok
base,0x770b10b273fc44fe9197d6bf20f145c2e98463ee,0,ok
bsc,0x770b10b273fc44fe9197d6bf20f145c2e98463ee,0,ok
bsc,0x7c96279ec1e888aa56b9b836e0db26ca48573e1c,1,ok
bsc,0xe07bd590e1198666230932bad5db3dbbe21e7d57,2,ok
optimism,0x770b10b273fc44fe9197d6bf20f145c2e98463ee,0,ok
optimism,0x94a43df7687a8494948be937400e9d5d33135da0,1,ok
optimism,0xa0ec0de60b51db8d850e79a112ab6222f7d2772a,2,ok
