origin_chain,bridge,origin_sender,origin_hop,origin_tx,ethereum_fill_tx,ethereum_recipient,via_contract
arbitrum,across,0xe410a2e5710ee787bcaa63f52a3943ff71f0d946,1,0xfbf6309b7359559488cc4d4c4268fb63e19d5b7d795c5f6db1db6b9a3453636b,0x9bbdc0c9ae69879b2620387d6623f47f1397c48001a9f9581bfe47790a7fbb7a,0xe410a2e5710ee787bcaa63f52a3943ff71f0d946,
arbitrum,across,0xe410a2e5710ee787bcaa63f52a3943ff71f0d946,1,0xb68d40422da5b071334dcd213308c62ed2cb6ab755d3f67b0151a481826cbed6,0x83154d8f5040d1876b2cddee33bd52ee4af7cbcb58bc07c91e3f2785711a478f,0xe410a2e5710ee787bcaa63f52a3943ff71f0d946,
arbitrum,across,0xe410a2e5710ee787bcaa63f52a3943ff71f0d946,1,0x78e27415fed7dc09acd6bd38b4d0ac66556d4fa28b6558b2bdf68b94826bb8ef,0x0ac56a69135b9bee411072dc23356c6ce98f23b6486619587d14cf3a820488ae,0xe410a2e5710ee787bcaa63f52a3943ff71f0d946,
arbitrum,across,0xe410a2e5710ee787bcaa63f52a3943ff71f0d946,1,0x7725e4894f379fe96dcbbf52a2f2717c802f2f300314690547a4405801146a20,0xf45b54c96ac91a1c847ae86c767307ac9200d813d5f295857c5983af2216f561,0xe410a2e5710ee787bcaa63f52a3943ff71f0d946,
arbitrum,across,0x2bca667d37afe8d065ca46e3261e9442e77cbeae,2,0x90444d96118834bd819a0aad0b84a51e02e878c9da4d31241509182fdde95712,0xfd0694c371695f63008fd61cc00acda61c3928d761a7c40e9cef5a6450d75f92,0x2bca667d37afe8d065ca46e3261e9442e77cbeae,
base,stargate,0x469ac1406de92f82c0563477240a3627057425dc,1,0x27a5fcc058cbc33f3b46f8b77b24bd54e7aac773ac844e6c3dfe899ca590537f,0x4e0e6916a9f97c5a64ddd20805437902ef34792cd496253ad7ef97e58558e169,0x469ac1406de92f82c0563477240a3627057425dc,
base,stargate,0x469ac1406de92f82c0563477240a3627057425dc,1,0xb1639805dbbd7399f0015f0efbc09876c37e9d87007638bf0b9d9ce131a0042f,0x88e94f4eb830b73e8ff3820943df2f07cfc9b69add4f25694451f36555cabbe2,0x469ac1406de92f82c0563477240a3627057425dc,
base,stargate,0x469ac1406de92f82c0563477240a3627057425dc,1,0x084b1c6f309a6eb13cf5bb5362aee488ce949d277ee9108f16fb3b90c1a48504,0x190a4d2e086597ed5385c5f7642850e8198ca1a4043f6208ee8a551b7ee12d20,0x469ac1406de92f82c0563477240a3627057425dc,
base,stargate,0x469ac1406de92f82c0563477240a3627057425dc,1,0x1c19bbea724777705fd85e9b118806da9615f80530c1675d0e87f08ec62287b1,0x86bdc7adf80330aa3512e9aedbf8601bfea5b3af92a31921f7a65922d9129cc7,0x469ac1406de92f82c0563477240a3627057425dc,
bsc,across,0x7c96279ec1e888aa56b9b836e0db26ca48573e1c,1,0x48de91b145dc9fcb7051ea07f29884a17bfec833f4367d38e161175baefd8eff,0x9cf47d5d3d07992d7c47fcb8f1188addb4668f48814e40b6f6920f906a3afe2c,0x7c96279ec1e888aa56b9b836e0db26ca48573e1c,
bsc,across,0xe07bd590e1198666230932bad5db3dbbe21e7d57,2,0x165a92ef3b62b0a9bb05439fd9021ce1778637637f6f2a054b90dbf0221f6196,0x1cbf8520a3f7ba32cee040dffed37dc40a250d9b83dd190f938c47b9a841a5a5,0xe07bd590e1198666230932bad5db3dbbe21e7d57,0x60ac95ec1153aa8199751917ede25d0ca49a36e2
bsc,across,0xe07bd590e1198666230932bad5db3dbbe21e7d57,2,0x81c3127f6d3521d7416e115a4f004f4785fc2ecdebb0fd35120356c5c683fc3a,0x7a2b1a480078204023d797b24f1714072004fc5a4ec641e80dfa53ded479f9ff,0xe07bd590e1198666230932bad5db3dbbe21e7d57,0x60ac95ec1153aa8199751917ede25d0ca49a36e2
bsc,across,0xe07bd590e1198666230932bad5db3dbbe21e7d57,2,0x03fa2b55e555d264f0ede4ae5c7f171853093777fccf0d5fbd6bef50196260bf,0x4e6bcc390346e82f5829a0c76930b578915ffa8c56ea506f2f7df328355fbf66,0xe07bd590e1198666230932bad5db3dbbe21e7d57,0x60ac95ec1153aa8199751917ede25d0ca49a36e2
bsc,across,0xe07bd590e1198666230932bad5db3dbbe21e7d57,2,0x1013423bb196637320199a7d742c08be5f3b7d29eb9fc8b67784ad1202720e2c,0xcd775f232136e5369b45d7f6a6f7e269eb70953fcd5b638eb3c57b74e03ee556,0xe07bd590e1198666230932bad5db3dbbe21e7d57,0x60ac95ec1153aa8199751917ede25d0ca49a36e2
bsc,across,0xe07bd590e1198666230932bad5db3dbbe21e7d57,2,0x07f7c7ba0983d419a08ac39eed9f1dd975429c21d4c8b107e8152ed6274b968c,0x62fd7ec62dfef62ef84de6f6c1ce722f14d4f971f6005f1c9a4230d207909b76,0xe07bd590e1198666230932bad5db3dbbe21e7d57,0x60ac95ec1153aa8199751917ede25d0ca49a36e2
bsc,across,0xe07bd590e1198666230932bad5db3dbbe21e7d57,2,0xb6dc08e7a77e8720fc66702e1ab86d7f3ab1afb015a2b9b12275bf55fa2a72c7,0x570f731d712e18edd74c12bd1bcf0e788d3a8e644f03b8fe81f5a4d18e6268e1,0xe07bd590e1198666230932bad5db3dbbe21e7d57,0x60ac95ec1153aa8199751917ede25d0ca49a36e2
bsc,across,0xe07bd590e1198666230932bad5db3dbbe21e7d57,2,0x2dd47ee6a6e5455dea5b421e21746db33ba20719e49177e53dbb55f03f18692a,0x8fd4e99b95dcd71a810066c3abbd550911d4be978174acb6f1f3254fafec8509,0xe07bd590e1198666230932bad5db3dbbe21e7d57,0x60ac95ec1153aa8199751917ede25d0ca49a36e2
bsc,across,0xe07bd590e1198666230932bad5db3dbbe21e7d57,2,0xa42cda36d1d9a23c79b31f18ab99b26421fd0c388b67a1425d87a15e0b1d43ac,0xb8ac270100c5af4e83c1e48f3e92f4535dd8e01ca77fa4ed1b815f57f5c635f3,0xe07bd590e1198666230932bad5db3dbbe21e7d57,0x60ac95ec1153aa8199751917ede25d0ca49a36e2
bsc,across,0xe07bd590e1198666230932bad5db3dbbe21e7d57,2,0x698bd3a56172e1faaa0ad07ee2be4351ddafd94332574843629c64258a025cb5,0x75bdd7fae5e7d493ac54fb1977755ce5f18096f37fb3d601d5c536ab9da2199f,0xe07bd590e1198666230932bad5db3dbbe21e7d57,0x60ac95ec1153aa8199751917ede25d0ca49a36e2
bsc,across,0xe07bd590e1198666230932bad5db3dbbe21e7d57,2,0xf00dff94e9324a0aae2c1b654bfbec5fe70931b702a1d57377845a18dfe23892,0xd301dbe2340fa518293f1037aeedfe369688513e851980c88e2ad1d6c53bc4c3,0xe07bd590e1198666230932bad5db3dbbe21e7d57,0x60ac95ec1153aa8199751917ede25d0ca49a36e2
bsc,across,0xe07bd590e1198666230932bad5db3dbbe21e7d57,2,0xeedcaf937374a218985341e7737c137f9cbe7565d88d0d585e23e672bef22b5d,0xad1c5fe8348d6e2eb195f6326a6867ab7249984fa79eafbd8099167397919ff9,0xe07bd590e1198666230932bad5db3dbbe21e7d57,0x60ac95ec1153aa8199751917ede25d0ca49a36e2
bsc,across,0xe07bd590e1198666230932bad5db3dbbe21e7d57,2,0x8ec161b19826d9d0ee7c30d9232f067ce49a6519e0e11b20f179b624fd405ed8,0x628066e2ac39097d2334c132a0a1d54bef1df4e1eba01a943d49c18364cd476d,0xe07bd590e1198666230932bad5db3dbbe21e7d57,0x60ac95ec1153aa8199751917ede25d0ca49a36e2
bsc,across,0xe07bd590e1198666230932bad5db3dbbe21e7d57,2,0x5e86a1ecdb624c961df4e584dfa923668b0d4a6f6d33a7da256fafb4f3d3e9e2,0x7b6eaf7b7744b61cfabf1e0ffbc77137bdf2d80c014e6d3f687da6be4871d7fc,0xe07bd590e1198666230932bad5db3dbbe21e7d57,0x60ac95ec1153aa8199751917ede25d0ca49a36e2
bsc,across,0xe07bd590e1198666230932bad5db3dbbe21e7d57,2,0x3e1864a905b238f189cec25d0428d5799dc54ab0f03c996a1b25735967390f84,0xad10a12f15aac1e5cae615d82c9fdd6ab05aa1d59e607995a32e8a5e1e116f96,0xe07bd590e1198666230932bad5db3dbbe21e7d57,0x60ac95ec1153aa8199751917ede25d0ca49a36e2
bsc,across,0xe07bd590e1198666230932bad5db3dbbe21e7d57,2,0x66842d0cbd4f71bf8b575aa668d76b58be054c533b76033847c60ea95a33695b,0xe4e8787ebb08ebc8103e45199adc851c98c6510aa052fc107499557afe87fe5e,0xe07bd590e1198666230932bad5db3dbbe21e7d57,0x60ac95ec1153aa8199751917ede25d0ca49a36e2
bsc,across,0xe07bd590e1198666230932bad5db3dbbe21e7d57,2,0xfd7523212f2aa1be42756c99fc5e85aa6c28cab3bbe21aca0427d08de8d8c030,0x706cff5243e3d1f9c540339d39e26e52d7931408b2607cbaaf4c84dbf56d1c2a,0xe07bd590e1198666230932bad5db3dbbe21e7d57,0x60ac95ec1153aa8199751917ede25d0ca49a36e2
bsc,across,0xe07bd590e1198666230932bad5db3dbbe21e7d57,2,0xa86d8140921ad61ea1005f69acdace873c69f2563490adb8df1e104c154a5fd9,0xc2fb9f571b9a414c94a9e96718d8f3edf96b6c52221318913beef550ec48b83d,0xe07bd590e1198666230932bad5db3dbbe21e7d57,0x60ac95ec1153aa8199751917ede25d0ca49a36e2
bsc,across,0xe07bd590e1198666230932bad5db3dbbe21e7d57,2,0xa6e9bbf5bdcf1bc08c08d68d83d3c08e7989aba7d2ae33178e4e32d588d205e1,0x95d31da22e48c4a1edd46d48c966628d3ec6558993a7bc234787822c7f0aa55d,0xe07bd590e1198666230932bad5db3dbbe21e7d57,0x60ac95ec1153aa8199751917ede25d0ca49a36e2
bsc,across,0xe07bd590e1198666230932bad5db3dbbe21e7d57,2,0xe0029588fc139a86f97227891980de6d2f05f963d3a2ca5ddd12565e40a287db,0xc0d819b2d81979086a07ec1255fda28703e5d6394026c62495d263de1dfec6e0,0xe07bd590e1198666230932bad5db3dbbe21e7d57,0x60ac95ec1153aa8199751917ede25d0ca49a36e2
bsc,across,0xe07bd590e1198666230932bad5db3dbbe21e7d57,2,0x2b89b42dd8ae7b5fa3d3e6fbc8acb0dda6072be57fa14fad14f9ceef7654b3ba,0x059e6eea260eeee33f530dbf8ac6e4aeea57aa55facc733d8b10f6654162e468,0xe07bd590e1198666230932bad5db3dbbe21e7d57,0x60ac95ec1153aa8199751917ede25d0ca49a36e2
bsc,across,0xe07bd590e1198666230932bad5db3dbbe21e7d57,2,0x675ab44c3a29735e61a8f8d96bdd3d7e9a5a367bc8d988494356d7267d3a581f,0xc6a71e17182b2492e31730e925d53f140743c322a93e169123a048a9a9338476,0xe07bd590e1198666230932bad5db3dbbe21e7d57,0x60ac95ec1153aa8199751917ede25d0ca49a36e2
bsc,across,0xe07bd590e1198666230932bad5db3dbbe21e7d57,2,0xa8f6b2b9d808d0ab087e2fd3edef5cd59d5e96ba18e480a9ce23728281e77992,0xf6b85daa184d293f776cf470e7fa19425b511b5a5f0cd2784ee971f6274159d2,0xe07bd590e1198666230932bad5db3dbbe21e7d57,0x60ac95ec1153aa8199751917ede25d0ca49a36e2
bsc,across,0xe07bd590e1198666230932bad5db3dbbe21e7d57,2,0xaa671eb15b713ff35050ce1e1ec0c86d9bc9c3f9897de8adc6dd19e80c1e8668,0xaf63a4b802db76877abaca79d4dd24315ffbf16b9976f4bb1ae344155b49c590,0xe07bd590e1198666230932bad5db3dbbe21e7d57,0x60ac95ec1153aa8199751917ede25d0ca49a36e2
bsc,across,0xe07bd590e1198666230932bad5db3dbbe21e7d57,2,0x0c209ce97e9b8b2fceae068b4caa80a3b485c23aab443afe5e5fcfbdb7ec645b,0x3c28e95350aa1e83b54d735199df0931892883bb18f1e86ab30df7ee2009decb,0xe07bd590e1198666230932bad5db3dbbe21e7d57,0x60ac95ec1153aa8199751917ede25d0ca49a36e2
bsc,across,0xe07bd590e1198666230932bad5db3dbbe21e7d57,2,0x4f111019666680bd4be651e34c69cdb8964b9359194b39b109156d07d49f8c5a,0xe7f5125983e4b3986bcec74902e9e5ffd8bff07955b98fe873872717e5fe7758,0xe07bd590e1198666230932bad5db3dbbe21e7d57,0x60ac95ec1153aa8199751917ede25d0ca49a36e2
bsc,across,0xe07bd590e1198666230932bad5db3dbbe21e7d57,2,0x91f07f95b49ff66fd3d4f6fb31326e3f884e79dada76562bc3bdccd0ae5856f8,0xfb3a4402bf0d7e5f2209ea0743868f5a8e79dce94379cc0483d0e4669a022472,0xe07bd590e1198666230932bad5db3dbbe21e7d57,0x60ac95ec1153aa8199751917ede25d0ca49a36e2
bsc,across,0xe07bd590e1198666230932bad5db3dbbe21e7d57,2,0xf0f5b1fe74a4a3936adc911f306e7423e8ab6628165bbaed16ff5c67c1f98b25,0x39dd5255e94e04af635a397b9638c4bc957b5950a1f3a6f6c368b37c0f7bb9ed,0xe07bd590e1198666230932bad5db3dbbe21e7d57,0x60ac95ec1153aa8199751917ede25d0ca49a36e2
bsc,across,0xe07bd590e1198666230932bad5db3dbbe21e7d57,2,0xa8d0c386c033f4b1c13ab604e5b99902fd9aab4ee310ee0572c9ea16f2f268e7,0x3b3052ac5597216af31dc68e9b826af2c76e38b4aebf5b004a2da38c123c3b4a,0xe07bd590e1198666230932bad5db3dbbe21e7d57,0x60ac95ec1153aa8199751917ede25d0ca49a36e2
bsc,across,0xe07bd590e1198666230932bad5db3dbbe21e7d57,2,0x07765a029c5a5a64f02a93ede26a2019e48866eacff2651fd299e77f7e0ea260,0x4dbe764643d25dd0bf56eaeeb1a21ee4049d9192c0f78869fddd6605fddaca25,0xe07bd590e1198666230932bad5db3dbbe21e7d57,0x60ac95ec1153aa8199751917ede25d0ca49a36e2
bsc,across,0xe07bd590e1198666230932bad5db3dbbe21e7d57,2,0x1c32d895cadccec9b44ba8caa1f0f6d8f8573f4a369b8ce142d0f03bc88831f8,0x0bb428a70d329507f97e18ff7d1649d36344cd87dbebc6c5599ade592a49a813,0xe07bd590e1198666230932bad5db3dbbe21e7d57,0x60ac95ec1153aa8199751917ede25d0ca49a36e2
bsc,across,0xe07bd590e1198666230932bad5db3dbbe21e7d57,2,0xc0a55d1b27b007972b98d1d6200cdd00fbadaa24c7bbde369fd54ca05ef29443,0xc87c44c0a1e6e0aabea81d382723790071a044db97c177f784b1f83443b7b4f4,0xe07bd590e1198666230932bad5db3dbbe21e7d57,0x60ac95ec1153aa8199751917ede25d0ca49a36e2
bsc,across,0xe07bd590e1198666230932bad5db3dbbe21e7d57,2,0x619318e6860c35e4e6d9ba937e0f1529ecf53bd7e2ef87ed915f5af224c43dc5,0x831abeaa615601834c437753a9263484abb9484147a968b289acfe45f4b445a8,0xe07bd590e1198666230932bad5db3dbbe21e7d57,0x60ac95ec1153aa8199751917ede25d0ca49a36e2
bsc,across,0xe07bd590e1198666230932bad5db3dbbe21e7d57,2,0xdb30bfaf87e35b7e45513d366fe38f8f1c7e7947f9bb46ada63da8bcab296288,0xfb9dc22de6b56d8fb760bf33871dcf46083c8d58b684ab64f2c9c542afee137f,0xe07bd590e1198666230932bad5db3dbbe21e7d57,0x60ac95ec1153aa8199751917ede25d0ca49a36e2
bsc,across,0xe07bd590e1198666230932bad5db3dbbe21e7d57,2,0x14ba2b47996b919385b30e3d4ab460d7d00b6d611f19dd51c37225a1bf54a6fb,0xc7b48738346f3ce47374264061fff1d2995799e4e4779a8fb847e3cf98ecac72,0xe07bd590e1198666230932bad5db3dbbe21e7d57,0x60ac95ec1153aa8199751917ede25d0ca49a36e2
bsc,across,0xe07bd590e1198666230932bad5db3dbbe21e7d57,2,0x41d1dbf8e5324802214ce2abbe7fc5a04f6596fc21541ed566e31678f9474fe1,0x07d2f5bf9f8470b59d3cbf0c42988343ba40c6d7b1db7fe5224a47866079dcaf,0xe07bd590e1198666230932bad5db3dbbe21e7d57,0x60ac95ec1153aa8199751917ede25d0ca49a36e2
bsc,across,0xe07bd590e1198666230932bad5db3dbbe21e7d57,2,0xad2f8f1091e2947fc822b8021c68559b8b22568af91ec9cb7a6556dba50511c3,0xa066f2ce364ba5396c317621112c21a860b36db06ea8c9af245c55071c53ffd5,0xe07bd590e1198666230932bad5db3dbbe21e7d57,0x60ac95ec1153aa8199751917ede25d0ca49a36e2
bsc,across,0xe07bd590e1198666230932bad5db3dbbe21e7d57,2,0x31d8d29914ab82a937d1f140fcf94926407b2eb88586b8635b88feb6bfd66228,0xd9a13d815502192e59dc4b964a0ce9b3aca5e90445f4b5dfed7921a895f99b23,0xe07bd590e1198666230932bad5db3dbbe21e7d57,0x60ac95ec1153aa8199751917ede25d0ca49a36e2
bsc,across,0xe07bd590e1198666230932bad5db3dbbe21e7d57,2,0x4c5f483223f5704b95d6b3bc6791a8667a48f00fb8a095924166f11eefffbe79,0x0686032f547332675dc3c74901bbe7d61200048acbdbd0905a870b8056fc8f13,0xe07bd590e1198666230932bad5db3dbbe21e7d57,0x60ac95ec1153aa8199751917ede25d0ca49a36e2
bsc,across,0xe07bd590e1198666230932bad5db3dbbe21e7d57,2,0x76a16a663d9783ca17811b9a5618d7382595345004c2bf25578f6c4ab0a27001,0xe17f1852c876d2100d7a841ed54fdb562d22c48e656cd60fdc92a070d35b90df,0xe07bd590e1198666230932bad5db3dbbe21e7d57,0x60ac95ec1153aa8199751917ede25d0ca49a36e2
bsc,across,0xe07bd590e1198666230932bad5db3dbbe21e7d57,2,0x621840cef0e48d2ecc2736a2c0a97646a78342d7bffb1f094bfe71ce727648c5,0x70d55c2d964a954e73193e6c46e8854eda2c999e326f8c49893115db24eefb23,0xe07bd590e1198666230932bad5db3dbbe21e7d57,0x60ac95ec1153aa8199751917ede25d0ca49a36e2
bsc,across,0xe07bd590e1198666230932bad5db3dbbe21e7d57,2,0xf5a90749cadf3dfab98707eb7e58bee29496bbaca149f5d0957f4edf27d7d616,0x525908832167c0932eccbb96502754825f03df0a992b886b164c678048278abd,0xe07bd590e1198666230932bad5db3dbbe21e7d57,0x60ac95ec1153aa8199751917ede25d0ca49a36e2
bsc,across,0xe07bd590e1198666230932bad5db3dbbe21e7d57,2,0xbf1be57dc1fad07ecb2559978fdbb8e6c2c744468c237ce298a06e3228bcca9a,0x1bc2aec92d1b51b392a63c7daf153ee13b46d4bf90804af99fe78fb9ae642d43,0xe07bd590e1198666230932bad5db3dbbe21e7d57,0x60ac95ec1153aa8199751917ede25d0ca49a36e2
bsc,across,0xe07bd590e1198666230932bad5db3dbbe21e7d57,2,0x370ee56f79460fc124c7ed9449af6fac5dbbec6d881abbfecdb7db1f5e9d292f,0x6249ba83b835ec8bd19632740507279187dc774a1869759c4023934430d6af21,0xe07bd590e1198666230932bad5db3dbbe21e7d57,0x60ac95ec1153aa8199751917ede25d0ca49a36e2
bsc,across,0xe07bd590e1198666230932bad5db3dbbe21e7d57,2,0xf60cdfa899aafc98b2b791158b67ed14646a37b933850402d9de7e1999e92348,0x517625f50a3686c7f9cfe5d505d7e9bae04dd79f4307a1d04a5e5c691f4bce02,0xe07bd590e1198666230932bad5db3dbbe21e7d57,0x60ac95ec1153aa8199751917ede25d0ca49a36e2
bsc,across,0xe07bd590e1198666230932bad5db3dbbe21e7d57,2,0x0eadefc254c9b0f7a61e51960d0f470e5d8b5ca0ec744d999fe81382fdc89b8f,0x864fcd993b02cfbdfbb97fc5127d197e3d438c6662ac7faa51aa1de6aca94150,0xe07bd590e1198666230932bad5db3dbbe21e7d57,0x60ac95ec1153aa8199751917ede25d0ca49a36e2
bsc,across,0xe07bd590e1198666230932bad5db3dbbe21e7d57,2,0x8b107866ba60444c9fbc5b6ef47b7c9e45d4aab1d87a3803ad78286716ca8f1a,0x71ffbb7ac18ab59e746e1baefeb5da00a9b0d464562e275bce467fc91a6fced3,0xe07bd590e1198666230932bad5db3dbbe21e7d57,0x60ac95ec1153aa8199751917ede25d0ca49a36e2
bsc,across,0xe07bd590e1198666230932bad5db3dbbe21e7d57,2,0x727770b80addac6acc650a56c4e061ea731bc78f653d2985f0d43be10ec03895,0x13bdbbd21d3db185d7453cff6e0be34867b6d71b1273d029662d394f0f89409f,0xe07bd590e1198666230932bad5db3dbbe21e7d57,0x60ac95ec1153aa8199751917ede25d0ca49a36e2
bsc,across,0xe07bd590e1198666230932bad5db3dbbe21e7d57,2,0x04a9917a7c70de467d59dad92a6341b108317521fa1b49603a6d797283d0b851,0x42a7d9d62c86b314d935b2c12e31df75c370c0ee4135a5f21fe1ac53caac5a2b,0xe07bd590e1198666230932bad5db3dbbe21e7d57,0x60ac95ec1153aa8199751917ede25d0ca49a36e2
optimism,stargate,0x94a43df7687a8494948be937400e9d5d33135da0,1,0xfa82a87282faae6fc5cfdeed5c65c50280500155ee53e5b43e726b86f3f7ea5e,0xb66cbc8e405e2ac5730c210dd98353ebc3f9ae88cb1fcb4ae702431ef0503448,0x94a43df7687a8494948be937400e9d5d33135da0,
optimism,across,0x94a43df7687a8494948be937400e9d5d33135da0,1,0x719779bba51e1f4f3ba8cd31836c50bc9103158f386906f0e2d8fc5dfb8c859c,0x2279d8c1d1fbd51f6dd4aaaaebfc966590b17adb83234bb2f973ba4f69485bff,0x94a43df7687a8494948be937400e9d5d33135da0,
optimism,stargate,0x94a43df7687a8494948be937400e9d5d33135da0,1,0xa6856eee2a667b233387132523db5c1047b133852201862168d75a9211290bef,0xa75cac5df4c509140928101226dc6ebde5f3a9fa01b9082c9d522f4cab7e2a89,0x94a43df7687a8494948be937400e9d5d33135da0,
optimism,stargate,0x94a43df7687a8494948be937400e9d5d33135da0,1,0x6868d431e1d43f4d60176e4a012c3395251f61c79889f52228576bf9144a13e2,0xc5f7a53e3c38ae1bce3763d1b87a8e6f2332a704212e558807334bbf7d1a0dbb,0x94a43df7687a8494948be937400e9d5d33135da0,
optimism,stargate,0x94a43df7687a8494948be937400e9d5d33135da0,1,0x6998d24d94bd665a5cd7e3158391dcea7052104000802c2e2a4f104c21c255fa,0x411fd1fe8059c4b70445ce0a85cfd17fd8ad7499990f3e434ff848eb7494e3dd,0x94a43df7687a8494948be937400e9d5d33135da0,
optimism,stargate,0x94a43df7687a8494948be937400e9d5d33135da0,1,0xa212a791de1586cb5a836a126918e1caba374d3b05f8932260c1ea6ceeef14a1,0xe3b2a1835158a6431d55ede5fac98e77264ef9a8ab92246697d9fe67aec6b2ca,0x94a43df7687a8494948be937400e9d5d33135da0,
optimism,stargate,0x94a43df7687a8494948be937400e9d5d33135da0,1,0x7129f0eb4058a70cd9f63a06af9691143dabf3501b1fb659ddc201c35582931f,0xb56b2220a43a2a08a2a9b0b082fff67221e035e9a832c880f0a38374a2dbd4b6,0x94a43df7687a8494948be937400e9d5d33135da0,
